"","region_id","region_name","flower_png"
"1",0,"Average","C:/Sanc/DMCR/OHI/OHI+2023/3-ohi-global-draft2022_final/eez/2023/flower_Average.png"
"2",1,"Cocos Islands","C:/Sanc/DMCR/OHI/OHI+2023/3-ohi-global-draft2022_final/eez/2023/flower_CocosIslands.png"
"3",2,"Christmas Island","C:/Sanc/DMCR/OHI/OHI+2023/3-ohi-global-draft2022_final/eez/2023/flower_ChristmasIsland.png"
"4",3,"Norfolk Island","C:/Sanc/DMCR/OHI/OHI+2023/3-ohi-global-draft2022_final/eez/2023/flower_NorfolkIsland.png"
"5",4,"Macquarie Island","C:/Sanc/DMCR/OHI/OHI+2023/3-ohi-global-draft2022_final/eez/2023/flower_MacquarieIsland.png"
"6",5,"New Caledonia","C:/Sanc/DMCR/OHI/OHI+2023/3-ohi-global-draft2022_final/eez/2023/flower_NewCaledonia.png"
"7",6,"Vanuatu","C:/Sanc/DMCR/OHI/OHI+2023/3-ohi-global-draft2022_final/eez/2023/flower_Vanuatu.png"
"8",7,"Solomon Islands","C:/Sanc/DMCR/OHI/OHI+2023/3-ohi-global-draft2022_final/eez/2023/flower_SolomonIslands.png"
"9",8,"Palau","C:/Sanc/DMCR/OHI/OHI+2023/3-ohi-global-draft2022_final/eez/2023/flower_Palau.png"
"10",9,"Micronesia","C:/Sanc/DMCR/OHI/OHI+2023/3-ohi-global-draft2022_final/eez/2023/flower_Micronesia.png"
"11",10,"Nauru","C:/Sanc/DMCR/OHI/OHI+2023/3-ohi-global-draft2022_final/eez/2023/flower_Nauru.png"
"12",11,"Marshall Islands","C:/Sanc/DMCR/OHI/OHI+2023/3-ohi-global-draft2022_final/eez/2023/flower_MarshallIslands.png"
"13",12,"Wake Island","C:/Sanc/DMCR/OHI/OHI+2023/3-ohi-global-draft2022_final/eez/2023/flower_WakeIsland.png"
"14",13,"Northern Mariana Islands and Guam","C:/Sanc/DMCR/OHI/OHI+2023/3-ohi-global-draft2022_final/eez/2023/flower_NorthernMarianaIslandsandGuam.png"
"15",14,"Taiwan","C:/Sanc/DMCR/OHI/OHI+2023/3-ohi-global-draft2022_final/eez/2023/flower_Taiwan.png"
"16",15,"Philippines","C:/Sanc/DMCR/OHI/OHI+2023/3-ohi-global-draft2022_final/eez/2023/flower_Philippines.png"
"17",16,"Australia","C:/Sanc/DMCR/OHI/OHI+2023/3-ohi-global-draft2022_final/eez/2023/flower_Australia.png"
"18",17,"Papua New Guinea","C:/Sanc/DMCR/OHI/OHI+2023/3-ohi-global-draft2022_final/eez/2023/flower_PapuaNewGuinea.png"
"19",18,"Fiji","C:/Sanc/DMCR/OHI/OHI+2023/3-ohi-global-draft2022_final/eez/2023/flower_Fiji.png"
"20",19,"Tuvalu","C:/Sanc/DMCR/OHI/OHI+2023/3-ohi-global-draft2022_final/eez/2023/flower_Tuvalu.png"
"21",20,"South Korea","C:/Sanc/DMCR/OHI/OHI+2023/3-ohi-global-draft2022_final/eez/2023/flower_SouthKorea.png"
"22",21,"North Korea","C:/Sanc/DMCR/OHI/OHI+2023/3-ohi-global-draft2022_final/eez/2023/flower_NorthKorea.png"
"23",24,"Cambodia","C:/Sanc/DMCR/OHI/OHI+2023/3-ohi-global-draft2022_final/eez/2023/flower_Cambodia.png"
"24",25,"Thailand","C:/Sanc/DMCR/OHI/OHI+2023/3-ohi-global-draft2022_final/eez/2023/flower_Thailand.png"
"25",26,"Andaman and Nicobar","C:/Sanc/DMCR/OHI/OHI+2023/3-ohi-global-draft2022_final/eez/2023/flower_AndamanandNicobar.png"
"26",28,"Comoro Islands","C:/Sanc/DMCR/OHI/OHI+2023/3-ohi-global-draft2022_final/eez/2023/flower_ComoroIslands.png"
"27",29,"Mayotte","C:/Sanc/DMCR/OHI/OHI+2023/3-ohi-global-draft2022_final/eez/2023/flower_Mayotte.png"
"28",30,"Glorioso Islands","C:/Sanc/DMCR/OHI/OHI+2023/3-ohi-global-draft2022_final/eez/2023/flower_GloriosoIslands.png"
"29",31,"Seychelles","C:/Sanc/DMCR/OHI/OHI+2023/3-ohi-global-draft2022_final/eez/2023/flower_Seychelles.png"
"30",32,"Reunion","C:/Sanc/DMCR/OHI/OHI+2023/3-ohi-global-draft2022_final/eez/2023/flower_Reunion.png"
"31",33,"Juan de Nova Island","C:/Sanc/DMCR/OHI/OHI+2023/3-ohi-global-draft2022_final/eez/2023/flower_JuandeNovaIsland.png"
"32",34,"Bassas da India","C:/Sanc/DMCR/OHI/OHI+2023/3-ohi-global-draft2022_final/eez/2023/flower_BassasdaIndia.png"
"33",35,"Ile Europa","C:/Sanc/DMCR/OHI/OHI+2023/3-ohi-global-draft2022_final/eez/2023/flower_IleEuropa.png"
"34",36,"Ile Tromelin","C:/Sanc/DMCR/OHI/OHI+2023/3-ohi-global-draft2022_final/eez/2023/flower_IleTromelin.png"
"35",37,"Mauritius","C:/Sanc/DMCR/OHI/OHI+2023/3-ohi-global-draft2022_final/eez/2023/flower_Mauritius.png"
"36",38,"British Indian Ocean Territory","C:/Sanc/DMCR/OHI/OHI+2023/3-ohi-global-draft2022_final/eez/2023/flower_BritishIndianOceanTerritory.png"
"37",39,"Maldives","C:/Sanc/DMCR/OHI/OHI+2023/3-ohi-global-draft2022_final/eez/2023/flower_Maldives.png"
"38",40,"Sri Lanka","C:/Sanc/DMCR/OHI/OHI+2023/3-ohi-global-draft2022_final/eez/2023/flower_SriLanka.png"
"39",41,"Mozambique","C:/Sanc/DMCR/OHI/OHI+2023/3-ohi-global-draft2022_final/eez/2023/flower_Mozambique.png"
"40",42,"Madagascar","C:/Sanc/DMCR/OHI/OHI+2023/3-ohi-global-draft2022_final/eez/2023/flower_Madagascar.png"
"41",43,"Kenya","C:/Sanc/DMCR/OHI/OHI+2023/3-ohi-global-draft2022_final/eez/2023/flower_Kenya.png"
"42",44,"Somalia","C:/Sanc/DMCR/OHI/OHI+2023/3-ohi-global-draft2022_final/eez/2023/flower_Somalia.png"
"43",45,"Eritrea","C:/Sanc/DMCR/OHI/OHI+2023/3-ohi-global-draft2022_final/eez/2023/flower_Eritrea.png"
"44",46,"Djibouti","C:/Sanc/DMCR/OHI/OHI+2023/3-ohi-global-draft2022_final/eez/2023/flower_Djibouti.png"
"45",47,"Yemen","C:/Sanc/DMCR/OHI/OHI+2023/3-ohi-global-draft2022_final/eez/2023/flower_Yemen.png"
"46",48,"Oman","C:/Sanc/DMCR/OHI/OHI+2023/3-ohi-global-draft2022_final/eez/2023/flower_Oman.png"
"47",49,"Sudan","C:/Sanc/DMCR/OHI/OHI+2023/3-ohi-global-draft2022_final/eez/2023/flower_Sudan.png"
"48",50,"Saudi Arabia","C:/Sanc/DMCR/OHI/OHI+2023/3-ohi-global-draft2022_final/eez/2023/flower_SaudiArabia.png"
"49",51,"Kuwait","C:/Sanc/DMCR/OHI/OHI+2023/3-ohi-global-draft2022_final/eez/2023/flower_Kuwait.png"
"50",52,"Bahrain","C:/Sanc/DMCR/OHI/OHI+2023/3-ohi-global-draft2022_final/eez/2023/flower_Bahrain.png"
"51",53,"Pakistan","C:/Sanc/DMCR/OHI/OHI+2023/3-ohi-global-draft2022_final/eez/2023/flower_Pakistan.png"
"52",54,"United Arab Emirates","C:/Sanc/DMCR/OHI/OHI+2023/3-ohi-global-draft2022_final/eez/2023/flower_UnitedArabEmirates.png"
"53",55,"Azores","C:/Sanc/DMCR/OHI/OHI+2023/3-ohi-global-draft2022_final/eez/2023/flower_Azores.png"
"54",56,"Cape Verde","C:/Sanc/DMCR/OHI/OHI+2023/3-ohi-global-draft2022_final/eez/2023/flower_CapeVerde.png"
"55",57,"Madeira","C:/Sanc/DMCR/OHI/OHI+2023/3-ohi-global-draft2022_final/eez/2023/flower_Madeira.png"
"56",58,"Canary Islands","C:/Sanc/DMCR/OHI/OHI+2023/3-ohi-global-draft2022_final/eez/2023/flower_CanaryIslands.png"
"57",59,"Belgium","C:/Sanc/DMCR/OHI/OHI+2023/3-ohi-global-draft2022_final/eez/2023/flower_Belgium.png"
"58",60,"Gibraltar","C:/Sanc/DMCR/OHI/OHI+2023/3-ohi-global-draft2022_final/eez/2023/flower_Gibraltar.png"
"59",61,"Tunisia","C:/Sanc/DMCR/OHI/OHI+2023/3-ohi-global-draft2022_final/eez/2023/flower_Tunisia.png"
"60",62,"Morocco","C:/Sanc/DMCR/OHI/OHI+2023/3-ohi-global-draft2022_final/eez/2023/flower_Morocco.png"
"61",63,"Western Sahara","C:/Sanc/DMCR/OHI/OHI+2023/3-ohi-global-draft2022_final/eez/2023/flower_WesternSahara.png"
"62",64,"Mauritania","C:/Sanc/DMCR/OHI/OHI+2023/3-ohi-global-draft2022_final/eez/2023/flower_Mauritania.png"
"63",65,"Gambia","C:/Sanc/DMCR/OHI/OHI+2023/3-ohi-global-draft2022_final/eez/2023/flower_Gambia.png"
"64",66,"Senegal","C:/Sanc/DMCR/OHI/OHI+2023/3-ohi-global-draft2022_final/eez/2023/flower_Senegal.png"
"65",67,"Libya","C:/Sanc/DMCR/OHI/OHI+2023/3-ohi-global-draft2022_final/eez/2023/flower_Libya.png"
"66",68,"Malta","C:/Sanc/DMCR/OHI/OHI+2023/3-ohi-global-draft2022_final/eez/2023/flower_Malta.png"
"67",69,"Latvia","C:/Sanc/DMCR/OHI/OHI+2023/3-ohi-global-draft2022_final/eez/2023/flower_Latvia.png"
"68",70,"Estonia","C:/Sanc/DMCR/OHI/OHI+2023/3-ohi-global-draft2022_final/eez/2023/flower_Estonia.png"
"69",71,"Bulgaria","C:/Sanc/DMCR/OHI/OHI+2023/3-ohi-global-draft2022_final/eez/2023/flower_Bulgaria.png"
"70",72,"Romania","C:/Sanc/DMCR/OHI/OHI+2023/3-ohi-global-draft2022_final/eez/2023/flower_Romania.png"
"71",73,"Russia","C:/Sanc/DMCR/OHI/OHI+2023/3-ohi-global-draft2022_final/eez/2023/flower_Russia.png"
"72",74,"Georgia","C:/Sanc/DMCR/OHI/OHI+2023/3-ohi-global-draft2022_final/eez/2023/flower_Georgia.png"
"73",75,"Ukraine","C:/Sanc/DMCR/OHI/OHI+2023/3-ohi-global-draft2022_final/eez/2023/flower_Ukraine.png"
"74",76,"Turkey","C:/Sanc/DMCR/OHI/OHI+2023/3-ohi-global-draft2022_final/eez/2023/flower_Turkey.png"
"75",77,"Syria","C:/Sanc/DMCR/OHI/OHI+2023/3-ohi-global-draft2022_final/eez/2023/flower_Syria.png"
"76",78,"Lebanon","C:/Sanc/DMCR/OHI/OHI+2023/3-ohi-global-draft2022_final/eez/2023/flower_Lebanon.png"
"77",79,"Israel","C:/Sanc/DMCR/OHI/OHI+2023/3-ohi-global-draft2022_final/eez/2023/flower_Israel.png"
"78",80,"Greece","C:/Sanc/DMCR/OHI/OHI+2023/3-ohi-global-draft2022_final/eez/2023/flower_Greece.png"
"79",81,"Cyprus","C:/Sanc/DMCR/OHI/OHI+2023/3-ohi-global-draft2022_final/eez/2023/flower_Cyprus.png"
"80",82,"Albania","C:/Sanc/DMCR/OHI/OHI+2023/3-ohi-global-draft2022_final/eez/2023/flower_Albania.png"
"81",84,"Algeria","C:/Sanc/DMCR/OHI/OHI+2023/3-ohi-global-draft2022_final/eez/2023/flower_Algeria.png"
"82",85,"Ascension","C:/Sanc/DMCR/OHI/OHI+2023/3-ohi-global-draft2022_final/eez/2023/flower_Ascension.png"
"83",86,"Saint Helena","C:/Sanc/DMCR/OHI/OHI+2023/3-ohi-global-draft2022_final/eez/2023/flower_SaintHelena.png"
"84",88,"Tristan da Cunha","C:/Sanc/DMCR/OHI/OHI+2023/3-ohi-global-draft2022_final/eez/2023/flower_TristandaCunha.png"
"85",89,"South Georgia and the South Sandwich Islands","C:/Sanc/DMCR/OHI/OHI+2023/3-ohi-global-draft2022_final/eez/2023/flower_SouthGeorgiaandtheSouthSandwichIslands.png"
"86",90,"Prince Edward Islands","C:/Sanc/DMCR/OHI/OHI+2023/3-ohi-global-draft2022_final/eez/2023/flower_PrinceEdwardIslands.png"
"87",91,"Crozet Islands","C:/Sanc/DMCR/OHI/OHI+2023/3-ohi-global-draft2022_final/eez/2023/flower_CrozetIslands.png"
"88",92,"Amsterdam Island and Saint Paul Island","C:/Sanc/DMCR/OHI/OHI+2023/3-ohi-global-draft2022_final/eez/2023/flower_AmsterdamIslandandSaintPaulIsland.png"
"89",93,"Kerguelen Islands","C:/Sanc/DMCR/OHI/OHI+2023/3-ohi-global-draft2022_final/eez/2023/flower_KerguelenIslands.png"
"90",94,"Heard and McDonald Islands","C:/Sanc/DMCR/OHI/OHI+2023/3-ohi-global-draft2022_final/eez/2023/flower_HeardandMcDonaldIslands.png"
"91",95,"Falkland Islands","C:/Sanc/DMCR/OHI/OHI+2023/3-ohi-global-draft2022_final/eez/2023/flower_FalklandIslands.png"
"92",96,"Sierra Leone","C:/Sanc/DMCR/OHI/OHI+2023/3-ohi-global-draft2022_final/eez/2023/flower_SierraLeone.png"
"93",97,"Liberia","C:/Sanc/DMCR/OHI/OHI+2023/3-ohi-global-draft2022_final/eez/2023/flower_Liberia.png"
"94",98,"Togo","C:/Sanc/DMCR/OHI/OHI+2023/3-ohi-global-draft2022_final/eez/2023/flower_Togo.png"
"95",99,"Benin","C:/Sanc/DMCR/OHI/OHI+2023/3-ohi-global-draft2022_final/eez/2023/flower_Benin.png"
"96",100,"Republique du Congo","C:/Sanc/DMCR/OHI/OHI+2023/3-ohi-global-draft2022_final/eez/2023/flower_RepubliqueduCongo.png"
"97",101,"Namibia","C:/Sanc/DMCR/OHI/OHI+2023/3-ohi-global-draft2022_final/eez/2023/flower_Namibia.png"
"98",102,"South Africa","C:/Sanc/DMCR/OHI/OHI+2023/3-ohi-global-draft2022_final/eez/2023/flower_SouthAfrica.png"
"99",103,"Sao Tome and Principe","C:/Sanc/DMCR/OHI/OHI+2023/3-ohi-global-draft2022_final/eez/2023/flower_SaoTomeandPrincipe.png"
"100",104,"Equatorial Guinea","C:/Sanc/DMCR/OHI/OHI+2023/3-ohi-global-draft2022_final/eez/2023/flower_EquatorialGuinea.png"
"101",105,"Bouvet Island","C:/Sanc/DMCR/OHI/OHI+2023/3-ohi-global-draft2022_final/eez/2023/flower_BouvetIsland.png"
"102",106,"Ghana","C:/Sanc/DMCR/OHI/OHI+2023/3-ohi-global-draft2022_final/eez/2023/flower_Ghana.png"
"103",107,"Clipperton Island","C:/Sanc/DMCR/OHI/OHI+2023/3-ohi-global-draft2022_final/eez/2023/flower_ClippertonIsland.png"
"104",108,"Bermuda","C:/Sanc/DMCR/OHI/OHI+2023/3-ohi-global-draft2022_final/eez/2023/flower_Bermuda.png"
"105",110,"Bahamas","C:/Sanc/DMCR/OHI/OHI+2023/3-ohi-global-draft2022_final/eez/2023/flower_Bahamas.png"
"106",111,"Turks and Caicos Islands","C:/Sanc/DMCR/OHI/OHI+2023/3-ohi-global-draft2022_final/eez/2023/flower_TurksandCaicosIslands.png"
"107",112,"Cuba","C:/Sanc/DMCR/OHI/OHI+2023/3-ohi-global-draft2022_final/eez/2023/flower_Cuba.png"
"108",113,"Cayman Islands","C:/Sanc/DMCR/OHI/OHI+2023/3-ohi-global-draft2022_final/eez/2023/flower_CaymanIslands.png"
"109",114,"Haiti","C:/Sanc/DMCR/OHI/OHI+2023/3-ohi-global-draft2022_final/eez/2023/flower_Haiti.png"
"110",115,"Dominican Republic","C:/Sanc/DMCR/OHI/OHI+2023/3-ohi-global-draft2022_final/eez/2023/flower_DominicanRepublic.png"
"111",116,"Puerto Rico and Virgin Islands of the United States","C:/Sanc/DMCR/OHI/OHI+2023/3-ohi-global-draft2022_final/eez/2023/flower_PuertoRicoandVirginIslandsoftheUnitedStates.png"
"112",117,"British Virgin Islands","C:/Sanc/DMCR/OHI/OHI+2023/3-ohi-global-draft2022_final/eez/2023/flower_BritishVirginIslands.png"
"113",118,"Anguilla","C:/Sanc/DMCR/OHI/OHI+2023/3-ohi-global-draft2022_final/eez/2023/flower_Anguilla.png"
"114",119,"Saint Kitts and Nevis","C:/Sanc/DMCR/OHI/OHI+2023/3-ohi-global-draft2022_final/eez/2023/flower_SaintKittsandNevis.png"
"115",120,"Antigua and Barbuda","C:/Sanc/DMCR/OHI/OHI+2023/3-ohi-global-draft2022_final/eez/2023/flower_AntiguaandBarbuda.png"
"116",121,"Montserrat","C:/Sanc/DMCR/OHI/OHI+2023/3-ohi-global-draft2022_final/eez/2023/flower_Montserrat.png"
"117",122,"Saint Lucia","C:/Sanc/DMCR/OHI/OHI+2023/3-ohi-global-draft2022_final/eez/2023/flower_SaintLucia.png"
"118",123,"Dominica","C:/Sanc/DMCR/OHI/OHI+2023/3-ohi-global-draft2022_final/eez/2023/flower_Dominica.png"
"119",124,"Barbados","C:/Sanc/DMCR/OHI/OHI+2023/3-ohi-global-draft2022_final/eez/2023/flower_Barbados.png"
"120",125,"Grenada","C:/Sanc/DMCR/OHI/OHI+2023/3-ohi-global-draft2022_final/eez/2023/flower_Grenada.png"
"121",126,"Trinidad and Tobago","C:/Sanc/DMCR/OHI/OHI+2023/3-ohi-global-draft2022_final/eez/2023/flower_TrinidadandTobago.png"
"122",127,"Saint Vincent and the Grenadines","C:/Sanc/DMCR/OHI/OHI+2023/3-ohi-global-draft2022_final/eez/2023/flower_SaintVincentandtheGrenadines.png"
"123",129,"Panama","C:/Sanc/DMCR/OHI/OHI+2023/3-ohi-global-draft2022_final/eez/2023/flower_Panama.png"
"124",130,"Costa Rica","C:/Sanc/DMCR/OHI/OHI+2023/3-ohi-global-draft2022_final/eez/2023/flower_CostaRica.png"
"125",131,"Nicaragua","C:/Sanc/DMCR/OHI/OHI+2023/3-ohi-global-draft2022_final/eez/2023/flower_Nicaragua.png"
"126",132,"Colombia","C:/Sanc/DMCR/OHI/OHI+2023/3-ohi-global-draft2022_final/eez/2023/flower_Colombia.png"
"127",133,"Honduras","C:/Sanc/DMCR/OHI/OHI+2023/3-ohi-global-draft2022_final/eez/2023/flower_Honduras.png"
"128",134,"El Salvador","C:/Sanc/DMCR/OHI/OHI+2023/3-ohi-global-draft2022_final/eez/2023/flower_ElSalvador.png"
"129",135,"Mexico","C:/Sanc/DMCR/OHI/OHI+2023/3-ohi-global-draft2022_final/eez/2023/flower_Mexico.png"
"130",136,"Guatemala","C:/Sanc/DMCR/OHI/OHI+2023/3-ohi-global-draft2022_final/eez/2023/flower_Guatemala.png"
"131",137,"Ecuador","C:/Sanc/DMCR/OHI/OHI+2023/3-ohi-global-draft2022_final/eez/2023/flower_Ecuador.png"
"132",138,"Peru","C:/Sanc/DMCR/OHI/OHI+2023/3-ohi-global-draft2022_final/eez/2023/flower_Peru.png"
"133",139,"Venezuela","C:/Sanc/DMCR/OHI/OHI+2023/3-ohi-global-draft2022_final/eez/2023/flower_Venezuela.png"
"134",140,"Guadeloupe and Martinique","C:/Sanc/DMCR/OHI/OHI+2023/3-ohi-global-draft2022_final/eez/2023/flower_GuadeloupeandMartinique.png"
"135",141,"Faeroe Islands","C:/Sanc/DMCR/OHI/OHI+2023/3-ohi-global-draft2022_final/eez/2023/flower_FaeroeIslands.png"
"136",143,"Iceland","C:/Sanc/DMCR/OHI/OHI+2023/3-ohi-global-draft2022_final/eez/2023/flower_Iceland.png"
"137",144,"Jan Mayen","C:/Sanc/DMCR/OHI/OHI+2023/3-ohi-global-draft2022_final/eez/2023/flower_JanMayen.png"
"138",145,"Greenland","C:/Sanc/DMCR/OHI/OHI+2023/3-ohi-global-draft2022_final/eez/2023/flower_Greenland.png"
"139",146,"Pitcairn","C:/Sanc/DMCR/OHI/OHI+2023/3-ohi-global-draft2022_final/eez/2023/flower_Pitcairn.png"
"140",147,"French Polynesia","C:/Sanc/DMCR/OHI/OHI+2023/3-ohi-global-draft2022_final/eez/2023/flower_FrenchPolynesia.png"
"141",148,"Line Islands (Kiribati)","C:/Sanc/DMCR/OHI/OHI+2023/3-ohi-global-draft2022_final/eez/2023/flower_LineIslands(Kiribati).png"
"142",149,"Jarvis Island","C:/Sanc/DMCR/OHI/OHI+2023/3-ohi-global-draft2022_final/eez/2023/flower_JarvisIsland.png"
"143",150,"Palmyra Atoll","C:/Sanc/DMCR/OHI/OHI+2023/3-ohi-global-draft2022_final/eez/2023/flower_PalmyraAtoll.png"
"144",151,"American Samoa","C:/Sanc/DMCR/OHI/OHI+2023/3-ohi-global-draft2022_final/eez/2023/flower_AmericanSamoa.png"
"145",152,"Samoa","C:/Sanc/DMCR/OHI/OHI+2023/3-ohi-global-draft2022_final/eez/2023/flower_Samoa.png"
"146",153,"Cook Islands","C:/Sanc/DMCR/OHI/OHI+2023/3-ohi-global-draft2022_final/eez/2023/flower_CookIslands.png"
"147",154,"Niue","C:/Sanc/DMCR/OHI/OHI+2023/3-ohi-global-draft2022_final/eez/2023/flower_Niue.png"
"148",155,"Tonga","C:/Sanc/DMCR/OHI/OHI+2023/3-ohi-global-draft2022_final/eez/2023/flower_Tonga.png"
"149",156,"Tokelau","C:/Sanc/DMCR/OHI/OHI+2023/3-ohi-global-draft2022_final/eez/2023/flower_Tokelau.png"
"150",157,"Phoenix Islands (Kiribati)","C:/Sanc/DMCR/OHI/OHI+2023/3-ohi-global-draft2022_final/eez/2023/flower_PhoenixIslands(Kiribati).png"
"151",158,"Howland Island and Baker Island","C:/Sanc/DMCR/OHI/OHI+2023/3-ohi-global-draft2022_final/eez/2023/flower_HowlandIslandandBakerIsland.png"
"152",159,"Johnston Atoll","C:/Sanc/DMCR/OHI/OHI+2023/3-ohi-global-draft2022_final/eez/2023/flower_JohnstonAtoll.png"
"153",161,"Wallis and Futuna","C:/Sanc/DMCR/OHI/OHI+2023/3-ohi-global-draft2022_final/eez/2023/flower_WallisandFutuna.png"
"154",162,"New Zealand","C:/Sanc/DMCR/OHI/OHI+2023/3-ohi-global-draft2022_final/eez/2023/flower_NewZealand.png"
"155",163,"United States","C:/Sanc/DMCR/OHI/OHI+2023/3-ohi-global-draft2022_final/eez/2023/flower_UnitedStates.png"
"156",164,"Belize","C:/Sanc/DMCR/OHI/OHI+2023/3-ohi-global-draft2022_final/eez/2023/flower_Belize.png"
"157",166,"Jamaica","C:/Sanc/DMCR/OHI/OHI+2023/3-ohi-global-draft2022_final/eez/2023/flower_Jamaica.png"
"158",167,"Guyana","C:/Sanc/DMCR/OHI/OHI+2023/3-ohi-global-draft2022_final/eez/2023/flower_Guyana.png"
"159",168,"Suriname","C:/Sanc/DMCR/OHI/OHI+2023/3-ohi-global-draft2022_final/eez/2023/flower_Suriname.png"
"160",169,"French Guiana","C:/Sanc/DMCR/OHI/OHI+2023/3-ohi-global-draft2022_final/eez/2023/flower_FrenchGuiana.png"
"161",171,"Brazil","C:/Sanc/DMCR/OHI/OHI+2023/3-ohi-global-draft2022_final/eez/2023/flower_Brazil.png"
"162",172,"Argentina","C:/Sanc/DMCR/OHI/OHI+2023/3-ohi-global-draft2022_final/eez/2023/flower_Argentina.png"
"163",173,"Uruguay","C:/Sanc/DMCR/OHI/OHI+2023/3-ohi-global-draft2022_final/eez/2023/flower_Uruguay.png"
"164",174,"Finland","C:/Sanc/DMCR/OHI/OHI+2023/3-ohi-global-draft2022_final/eez/2023/flower_Finland.png"
"165",175,"Denmark","C:/Sanc/DMCR/OHI/OHI+2023/3-ohi-global-draft2022_final/eez/2023/flower_Denmark.png"
"166",176,"Germany","C:/Sanc/DMCR/OHI/OHI+2023/3-ohi-global-draft2022_final/eez/2023/flower_Germany.png"
"167",177,"Netherlands","C:/Sanc/DMCR/OHI/OHI+2023/3-ohi-global-draft2022_final/eez/2023/flower_Netherlands.png"
"168",178,"Poland","C:/Sanc/DMCR/OHI/OHI+2023/3-ohi-global-draft2022_final/eez/2023/flower_Poland.png"
"169",179,"France","C:/Sanc/DMCR/OHI/OHI+2023/3-ohi-global-draft2022_final/eez/2023/flower_France.png"
"170",180,"United Kingdom","C:/Sanc/DMCR/OHI/OHI+2023/3-ohi-global-draft2022_final/eez/2023/flower_UnitedKingdom.png"
"171",181,"Ireland","C:/Sanc/DMCR/OHI/OHI+2023/3-ohi-global-draft2022_final/eez/2023/flower_Ireland.png"
"172",182,"Spain","C:/Sanc/DMCR/OHI/OHI+2023/3-ohi-global-draft2022_final/eez/2023/flower_Spain.png"
"173",183,"Portugal","C:/Sanc/DMCR/OHI/OHI+2023/3-ohi-global-draft2022_final/eez/2023/flower_Portugal.png"
"174",184,"Italy","C:/Sanc/DMCR/OHI/OHI+2023/3-ohi-global-draft2022_final/eez/2023/flower_Italy.png"
"175",185,"Monaco","C:/Sanc/DMCR/OHI/OHI+2023/3-ohi-global-draft2022_final/eez/2023/flower_Monaco.png"
"176",186,"Montenegro","C:/Sanc/DMCR/OHI/OHI+2023/3-ohi-global-draft2022_final/eez/2023/flower_Montenegro.png"
"177",187,"Croatia","C:/Sanc/DMCR/OHI/OHI+2023/3-ohi-global-draft2022_final/eez/2023/flower_Croatia.png"
"178",188,"Slovenia","C:/Sanc/DMCR/OHI/OHI+2023/3-ohi-global-draft2022_final/eez/2023/flower_Slovenia.png"
"179",189,"Lithuania","C:/Sanc/DMCR/OHI/OHI+2023/3-ohi-global-draft2022_final/eez/2023/flower_Lithuania.png"
"180",190,"Qatar","C:/Sanc/DMCR/OHI/OHI+2023/3-ohi-global-draft2022_final/eez/2023/flower_Qatar.png"
"181",191,"Iran","C:/Sanc/DMCR/OHI/OHI+2023/3-ohi-global-draft2022_final/eez/2023/flower_Iran.png"
"182",192,"Iraq","C:/Sanc/DMCR/OHI/OHI+2023/3-ohi-global-draft2022_final/eez/2023/flower_Iraq.png"
"183",193,"Guinea Bissau","C:/Sanc/DMCR/OHI/OHI+2023/3-ohi-global-draft2022_final/eez/2023/flower_GuineaBissau.png"
"184",194,"Guinea","C:/Sanc/DMCR/OHI/OHI+2023/3-ohi-global-draft2022_final/eez/2023/flower_Guinea.png"
"185",195,"Ivory Coast","C:/Sanc/DMCR/OHI/OHI+2023/3-ohi-global-draft2022_final/eez/2023/flower_IvoryCoast.png"
"186",196,"Nigeria","C:/Sanc/DMCR/OHI/OHI+2023/3-ohi-global-draft2022_final/eez/2023/flower_Nigeria.png"
"187",197,"Cameroon","C:/Sanc/DMCR/OHI/OHI+2023/3-ohi-global-draft2022_final/eez/2023/flower_Cameroon.png"
"188",198,"Gabon","C:/Sanc/DMCR/OHI/OHI+2023/3-ohi-global-draft2022_final/eez/2023/flower_Gabon.png"
"189",199,"Democratic Republic of the Congo","C:/Sanc/DMCR/OHI/OHI+2023/3-ohi-global-draft2022_final/eez/2023/flower_DemocraticRepublicoftheCongo.png"
"190",200,"Angola","C:/Sanc/DMCR/OHI/OHI+2023/3-ohi-global-draft2022_final/eez/2023/flower_Angola.png"
"191",202,"Tanzania","C:/Sanc/DMCR/OHI/OHI+2023/3-ohi-global-draft2022_final/eez/2023/flower_Tanzania.png"
"192",203,"India","C:/Sanc/DMCR/OHI/OHI+2023/3-ohi-global-draft2022_final/eez/2023/flower_India.png"
"193",204,"Bangladesh","C:/Sanc/DMCR/OHI/OHI+2023/3-ohi-global-draft2022_final/eez/2023/flower_Bangladesh.png"
"194",205,"Myanmar","C:/Sanc/DMCR/OHI/OHI+2023/3-ohi-global-draft2022_final/eez/2023/flower_Myanmar.png"
"195",206,"Malaysia","C:/Sanc/DMCR/OHI/OHI+2023/3-ohi-global-draft2022_final/eez/2023/flower_Malaysia.png"
"196",207,"Vietnam","C:/Sanc/DMCR/OHI/OHI+2023/3-ohi-global-draft2022_final/eez/2023/flower_Vietnam.png"
"197",208,"Singapore","C:/Sanc/DMCR/OHI/OHI+2023/3-ohi-global-draft2022_final/eez/2023/flower_Singapore.png"
"198",209,"China","C:/Sanc/DMCR/OHI/OHI+2023/3-ohi-global-draft2022_final/eez/2023/flower_China.png"
"199",210,"Japan","C:/Sanc/DMCR/OHI/OHI+2023/3-ohi-global-draft2022_final/eez/2023/flower_Japan.png"
"200",212,"Gilbert Islands (Kiribati)","C:/Sanc/DMCR/OHI/OHI+2023/3-ohi-global-draft2022_final/eez/2023/flower_GilbertIslands(Kiribati).png"
"201",213,"Antarctica","C:/Sanc/DMCR/OHI/OHI+2023/3-ohi-global-draft2022_final/eez/2023/flower_Antarctica.png"
"202",214,"Egypt","C:/Sanc/DMCR/OHI/OHI+2023/3-ohi-global-draft2022_final/eez/2023/flower_Egypt.png"
"203",215,"Jordan","C:/Sanc/DMCR/OHI/OHI+2023/3-ohi-global-draft2022_final/eez/2023/flower_Jordan.png"
"204",216,"Indonesia","C:/Sanc/DMCR/OHI/OHI+2023/3-ohi-global-draft2022_final/eez/2023/flower_Indonesia.png"
"205",218,"Canada","C:/Sanc/DMCR/OHI/OHI+2023/3-ohi-global-draft2022_final/eez/2023/flower_Canada.png"
"206",219,"Saint Pierre and Miquelon","C:/Sanc/DMCR/OHI/OHI+2023/3-ohi-global-draft2022_final/eez/2023/flower_SaintPierreandMiquelon.png"
"207",220,"Sint Maarten","C:/Sanc/DMCR/OHI/OHI+2023/3-ohi-global-draft2022_final/eez/2023/flower_SintMaarten.png"
"208",221,"Northern Saint-Martin","C:/Sanc/DMCR/OHI/OHI+2023/3-ohi-global-draft2022_final/eez/2023/flower_NorthernSaint-Martin.png"
"209",222,"Sweden","C:/Sanc/DMCR/OHI/OHI+2023/3-ohi-global-draft2022_final/eez/2023/flower_Sweden.png"
"210",223,"Norway","C:/Sanc/DMCR/OHI/OHI+2023/3-ohi-global-draft2022_final/eez/2023/flower_Norway.png"
"211",224,"Chile","C:/Sanc/DMCR/OHI/OHI+2023/3-ohi-global-draft2022_final/eez/2023/flower_Chile.png"
"212",227,"Jersey","C:/Sanc/DMCR/OHI/OHI+2023/3-ohi-global-draft2022_final/eez/2023/flower_Jersey.png"
"213",228,"Guernsey","C:/Sanc/DMCR/OHI/OHI+2023/3-ohi-global-draft2022_final/eez/2023/flower_Guernsey.png"
"214",231,"East Timor","C:/Sanc/DMCR/OHI/OHI+2023/3-ohi-global-draft2022_final/eez/2023/flower_EastTimor.png"
"215",232,"Bosnia and Herzegovina","C:/Sanc/DMCR/OHI/OHI+2023/3-ohi-global-draft2022_final/eez/2023/flower_BosniaandHerzegovina.png"
"216",237,"Oecussi Ambeno","C:/Sanc/DMCR/OHI/OHI+2023/3-ohi-global-draft2022_final/eez/2023/flower_OecussiAmbeno.png"
"217",244,"Curacao","C:/Sanc/DMCR/OHI/OHI+2023/3-ohi-global-draft2022_final/eez/2023/flower_Curacao.png"
"218",245,"Bonaire","C:/Sanc/DMCR/OHI/OHI+2023/3-ohi-global-draft2022_final/eez/2023/flower_Bonaire.png"
"219",247,"Brunei","C:/Sanc/DMCR/OHI/OHI+2023/3-ohi-global-draft2022_final/eez/2023/flower_Brunei.png"
"220",248,"Saba","C:/Sanc/DMCR/OHI/OHI+2023/3-ohi-global-draft2022_final/eez/2023/flower_Saba.png"
"221",249,"Sint Eustatius","C:/Sanc/DMCR/OHI/OHI+2023/3-ohi-global-draft2022_final/eez/2023/flower_SintEustatius.png"
"222",250,"Aruba","C:/Sanc/DMCR/OHI/OHI+2023/3-ohi-global-draft2022_final/eez/2023/flower_Aruba.png"
